file,label_t60,T10_est,T10_err%,T20_est,T20_err%,T30_est,T30_err%
T60_0.011_000.wav,0.011,0.003266659674419266,70.30309386891577,13.81893637109755,125526.69428270501,7.711889574836228,70008.08704396572
T60_0.011_001.wav,0.011,nan,nan,14.70310346765914,133564.57697871947,7.953837799439382,72207.61635853983
T60_0.012_000.wav,0.012,nan,nan,0.017728944048986235,47.741200408218624,0.7813984441749949,6411.65370145829
T60_0.012_001.wav,0.012,0.003107589262187677,74.10342281510269,13.170726895016289,109656.05745846906,7.717602516109366,64213.354300911386
T60_0.012_002.wav,0.012,0.0036850236271737317,69.29146977355222,10.664922788506543,88774.35657088785,7.094457492721697,59020.479106014136
T60_0.012_003.wav,0.012,0.003381393156539235,71.82172369550638,14.82730303270806,123460.85860590049,7.942549097454502,66087.90914545418
T60_0.012_004.wav,0.012,nan,nan,0.01604536230765455,33.711352563787926,0.2642602258467568,2102.1685487229734
T60_0.012_005.wav,0.012,nan,nan,0.01603501714853471,33.62514290445592,0.34320603342439787,2760.050278536649
T60_0.012_006.wav,0.012,nan,nan,0.028690857169890758,139.0904764157563,0.7404968168530105,6070.806807108421
T60_0.012_007.wav,0.012,0.004767090913099429,60.2742423908381,11.47187020401138,95498.91836676149,7.21383172773996,60015.264397833
T60_0.012_008.wav,0.012,0.0031884937657448756,73.4292186187927,0.02050828746064222,70.90239550535182,0.5758257752898983,4698.548127415819
T60_0.012_009.wav,0.012,0.003271366995309613,72.73860837241989,0.026921488831593232,124.34574026327694,0.20541208987455686,1611.767415621307
T60_0.012_010.wav,0.012,nan,nan,0.022188452816868303,84.90377347390252,0.22719023917937828,1793.2519931614856
T60_0.012_011.wav,0.012,0.0031049840125267738,74.12513322894357,13.47981972898252,112231.83107485433,7.7299955548140415,64316.62962345035
T60_0.012_012.wav,0.012,nan,nan,11.952867578495152,99507.22982079293,7.363513039944884,61262.60866620737
T60_0.013_000.wav,0.013,0.003267963601796762,74.86181844771721,11.501993360099666,88376.87200076667,7.302288598515744,56071.45075781342
T60_0.013_001.wav,0.013,nan,nan,0.03220016086992861,147.693545153297,0.41228941555581033,3071.4570427370027
T60_0.013_002.wav,0.013,0.0051608118676817515,60.301447171678824,10.738808555854138,82506.21966041646,7.105418501714698,54557.06539780537
T60_0.013_003.wav,0.013,nan,nan,0.014798905082036583,13.837731400281417,0.38555460060823843,2865.8046200633726
T60_0.013_004.wav,0.013,0.004491737580364708,65.44817245873301,11.052664690175487,84920.49761673452,7.1302202528998,54747.84809922924
T60_0.013_005.wav,0.013,nan,nan,0.018257527245990297,40.44251727684844,0.39420601115529386,2932.353931963799
T60_0.013_006.wav,0.013,nan,nan,0.016139960732002186,24.153544092324516,0.371186332350814,2755.279479621646
T60_0.013_007.wav,0.013,nan,nan,0.011036595581106326,15.10311091456672,0.18679636528073273,1336.895117544098
T60_0.013_008.wav,0.013,0.006266778761505524,51.79400952688058,0.0141410440998408,8.777262306467703,0.02956590031126723,127.4300023943633
T60_0.013_009.wav,0.013,nan,nan,0.01655035676320744,27.31043664005724,0.34179400977773094,2529.1846905979305
T60_0.013_010.wav,0.013,0.0031766581505779444,75.56416807247734,0.020568697201237458,58.2207477018266,0.3511136463706547,2600.8742028511897
T60_0.013_011.wav,0.013,nan,nan,0.016413343543753112,26.256488798100868,0.5556144767216662,4173.957513243586
T60_0.013_012.wav,0.013,0.005627158041273891,56.71416891327776,11.766270806656957,90409.77543582274,7.329285602042763,56279.12001571357
T60_0.013_013.wav,0.013,nan,nan,0.020034727973640035,54.11329210492336,0.4451971186034783,3324.5932200267566
T60_0.013_014.wav,0.013,nan,nan,0.017030812352563443,31.006248865872642,0.3978492689053154,2960.3789915793495
T60_0.013_015.wav,0.013,0.004084465459908588,68.5810349237801,10.96348642373244,84234.51095178802,7.1495927364860945,54896.86720373919
T60_0.014_000.wav,0.014,nan,nan,0.015649568255093487,11.782630393524904,0.32141146898809764,2195.79620705784
T60_0.014_001.wav,0.014,0.0038091382988497285,72.79186929393052,10.580436118151699,75474.54370108356,7.06244567146828,50346.04051048771
T60_0.014_002.wav,0.014,nan,nan,0.024877281823728156,77.69487016948683,0.3111193875206919,2122.2813394335135
T60_0.014_003.wav,0.014,nan,nan,12.505320505513197,89223.71789652284,7.496341695453162,53445.297824665446
T60_0.014_004.wav,0.014,0.0034495678580946723,75.36022958503806,10.24964545886757,73111.75327762551,7.014345632949433,50002.46880678166
T60_0.014_005.wav,0.014,0.006531900224934127,53.343569821899095,10.125984569642702,72228.4612117336,7.00715373005725,49951.0980718375
T60_0.014_006.wav,0.014,0.006102592339792901,56.41005471576499,9.994703961723117,71290.74258373654,6.953239257244551,49565.994694603934
T60_0.014_007.wav,0.014,0.005786891594884377,58.66506003654016,10.973070318799177,78279.07370570842,7.153954679527878,50999.676282341985
T60_0.014_008.wav,0.014,0.003270547532091825,76.6389461993441,0.0161009882268791,15.007058763422132,0.19875739193906036,1319.695656707574
T60_0.014_009.wav,0.014,0.0033339377371967237,76.1861590200234,0.03384875964247111,141.77685458907936,0.7030175551633409,4921.553965452435
T60_0.014_010.wav,0.014,nan,nan,0.016164047890301247,15.45748493072319,0.1514487739454678,981.7769567533412
T60_0.014_011.wav,0.014,0.005909952945745491,57.786050387532214,9.693191687021573,69137.08347872553,6.884841748122514,49077.441058017954
T60_0.014_012.wav,0.014,nan,nan,0.022790895487758974,62.792110626849805,0.41378755942940015,2855.6254244957154
T60_0.014_013.wav,0.014,0.0042741153908064655,69.47060435138239,0.015621342832514857,11.581020232248978,0.032326978309276944,130.90698792340675
T60_0.014_014.wav,0.014,nan,nan,0.014772502238585039,5.517873132750275,0.4798380450873958,3327.4146077671126
T60_0.014_015.wav,0.014,0.0031600338580984057,77.42832958501138,0.017681715861491254,26.29797043922324,0.6228853516956107,4349.1810835400765
T60_0.014_016.wav,0.014,nan,nan,0.01693947905981007,20.99627899864336,0.4284465270386394,2960.332335990281
T60_0.015_000.wav,0.015,nan,nan,0.016407499287267393,9.383328581782624,0.05274914140464492,251.66094269763283
T60_0.015_001.wav,0.015,0.0029511853666654144,80.32543088889723,0.023155845616082957,54.37230410721972,0.2991212107512403,1894.1414050082687
T60_0.015_002.wav,0.015,0.0035520742214778704,76.31950519014754,0.031940805466675194,112.93870311116795,0.4755309920168634,3070.206613445756
T60_0.015_003.wav,0.015,nan,nan,0.018494557235003824,23.29704823335883,0.10787857032586208,619.1904688390806
T60_0.015_004.wav,0.015,0.012877461999518612,14.150253336542583,8.928957816650412,59426.385444336076,6.735549372077657,44803.66248051772
T60_0.015_005.wav,0.015,0.003105717036859356,79.29521975427095,0.0291184113446149,94.12274229743267,0.3071826812565408,1947.8845417102718
T60_0.015_006.wav,0.015,0.00743746197415932,50.4169201722712,9.981005708594877,66440.03805729919,6.958990446910008,46293.26964606672
T60_0.015_007.wav,0.015,nan,nan,0.01824840469610181,21.656031307345412,0.20301854864306282,1253.4569909537522
T60_0.016_000.wav,0.016,0.005617946651001843,64.88783343123849,0.014122537716614291,11.73413927116068,0.034508520653303884,115.67825408314927
T60_0.016_001.wav,0.016,0.003242483510338549,79.73447806038406,0.028155543796959916,75.97214873099948,0.1383837177628176,764.89823601761
T60_0.017_000.wav,0.017,0.0032537796464257155,80.86011972690757,0.02773818586190667,63.165799187686275,0.5823505102163563,3325.591236566802
T60_0.017_001.wav,0.017,0.029549228239548586,73.81898964440343,8.862100477601206,52030.00280941886,6.7302924230782715,39489.95542987218
T60_0.017_002.wav,0.017,0.006490629031475302,61.819829226615866,9.860821489496722,57904.83229115719,6.915089142518833,40576.994955993134
T60_0.017_003.wav,0.017,0.005288268649423799,68.89253735633059,0.015515285616057223,8.733614023192814,0.03433356876456998,101.96216920335279
T60_0.017_004.wav,0.017,nan,nan,0.031677793512456046,86.33996183797673,0.21755309853085059,1179.7241090050034
T60_0.018.wav,0.018,0.006170161638902434,65.7213242283198,0.017843049238688853,0.8719486739508086,0.04110987085614578,128.3881714230321
T60_0.020.wav,0.02,0.003323495722757479,83.3825213862126,0.03304222360505343,65.21111802526714,0.5112840000486853,2456.420000243427
T60_0.021_000.wav,0.021,13.204389123585461,62778.04344564504,8.28357385849815,39345.58980237213,6.592221099355882,31291.52904455182
T60_0.021_001.wav,0.021,0.09931698033345407,372.9380015878765,8.632809812557939,41008.6181550378,6.671968953780289,31671.28073228709
T60_0.021_002.wav,0.021,13.409373281373815,63754.15848273244,8.29078518902429,39379.92947154423,6.580337239506854,31234.93923574692
T60_0.022.wav,0.022,0.015250687020519982,30.678695361272805,9.24960552272304,41943.66146692292,6.7916583792046135,30771.174450930062
T60_0.023.wav,0.023,0.9074872453590603,3845.5967189524367,8.499090532100789,36852.567530873,6.629711968016184,28724.834643548627
T60_0.025.wav,0.025,14.370875634491355,57383.50253796542,8.009905463545289,31939.621854181154,6.678937652443557,26615.750609774226
T60_0.026_000.wav,0.026,13.136395212175367,50424.596969905266,7.696014315911648,29500.055061198647,6.519148818888371,24973.649303416812
T60_0.026_001.wav,0.026,0.10941125356667186,320.8125137179687,8.681479679324811,33290.30645894158,6.699768465658166,25668.34025253141
T60_0.027.wav,0.027,14.422873535082282,53318.050129934374,7.8953146235059775,29141.9060129851,6.576808271728074,24258.549154548422
T60_0.031.wav,0.031,9.079432300581637,29188.491292198825,8.368180154948993,26894.129532093524,6.621419810870608,21259.4187447439
T60_0.032.wav,0.032,13.48043418389179,42026.356824661845,7.713858766464903,24005.808645202822,6.563991617415283,20412.47380442276
T60_0.034.wav,0.034,12.756864444323913,37420.18954212915,7.45829924322584,21836.17424478188,6.517855509222324,19070.1632624186
T60_0.037.wav,0.037,11.164525114921076,30074.392202489395,6.903196614215745,18557.288146529045,6.174724987162945,16588.4459112512
T60_0.041.wav,0.041,13.023333146053657,31664.227185496726,7.500063542993689,18192.8379097407,6.441654936413664,15611.353503447957
T60_0.050.wav,0.05,0.04006048227049044,19.879035459019132,0.09846728796632111,96.9345759326422,0.8198557646705922,1539.7115293411841
T60_0.059_000.wav,0.059,0.005724878858177971,90.29681549461361,0.17886033058768336,203.15310269098873,0.3846560349672679,551.9593813004542
T60_0.059_001.wav,0.059,0.015090899280126099,74.42220460995576,0.1863658523796229,215.87432606715743,0.3304127924641864,460.02168214268886
T60_0.060.wav,0.06,0.07408276960035919,23.471282667265314,0.14583545295336303,143.05908825560508,0.22798330692036808,279.9721782006135
T60_0.063.wav,0.063,0.04187623126378596,33.5297916447842,0.13714321422408537,117.68764162553234,7.076578042239627,11132.66355911052
T60_0.065.wav,0.065,0.038460886403057046,40.8294055337584,0.14966522588230213,130.2541936650802,8.79323846935592,13428.059183624493
T60_0.066.wav,0.066,0.12841978650436778,94.57543409752692,0.20809515343214632,215.29568701840353,0.3178824993057407,381.64015046324346
T60_0.068.wav,0.068,0.008503843511606402,87.49434777704941,0.12459718237090983,83.23115054545562,0.19221428693857065,182.66806902730977
T60_0.070_000.wav,0.07,0.08678884760669883,23.984068009569746,0.2156495045998459,208.07072085692266,0.36746263998898787,424.9466285556969
T60_0.070_001.wav,0.07,0.14183578513570003,102.62255019385715,0.2193975540296962,213.4250771852803,0.3501409795070898,400.20139929584246
T60_0.071.wav,0.071,0.11195281439472891,57.680020274266084,0.17010973618365482,139.59117772345752,0.29908217948536586,321.2425063174167
T60_0.074_000.wav,0.074,0.00889913074530031,87.97414764148607,0.18795178476357757,153.9888983291589,0.32378393610100753,337.54585959595613
T60_0.074_001.wav,0.074,0.11000624530519437,48.65708825026267,0.2523234483553979,240.97763291269985,0.25841080163347113,249.2037859911772
T60_0.076.wav,0.076,0.08273706104300448,8.864554003953259,0.1745471509737267,129.66730391279827,0.3406223404486855,348.1872900640599
T60_0.078.wav,0.078,0.005728362476086835,92.65594554347841,0.08513883451372134,9.152351940668385,0.19640688960290947,151.8037046191147
T60_0.079.wav,0.079,0.010291723858233324,86.97250144527428,0.18514032406111905,134.354840583695,0.21237496774492323,168.82907309483954
T60_0.081.wav,0.081,0.0969789970182444,19.727156812647408,0.2138458900245798,164.0072716352837,0.2632271500970892,224.97179024331996
T60_0.082_000.wav,0.082,0.07555134456116139,7.864213949803189,0.17439074190415188,112.67163646847789,0.29469218224167604,259.3807100508244
T60_0.082_001.wav,0.082,0.14476590834088995,76.54379065962189,0.2997839022200981,265.5901246586562,0.5699034099074031,595.0041584236623
T60_0.083.wav,0.083,0.10135193695129774,22.11076741120209,0.18260555549705473,120.00669336994545,0.3095585707241892,272.9621334026375
T60_0.084.wav,0.084,0.006405619175008953,92.3742628868941,0.11927095366381292,41.98923055215823,0.1814435950955919,116.00427987570463
T60_0.086.wav,0.086,0.10807872852374122,25.672940143885143,0.2151474667246462,150.17147293563517,0.3016699506540271,250.7790123884036
T60_0.088.wav,0.088,0.09624176334902258,9.36564016934385,0.1880673158170543,113.71285888301625,0.2752773482503946,212.81516846635756
T60_0.089_000.wav,0.089,0.08591431567419536,3.467061040229931,0.21680159314838346,143.59729567234098,0.32063695626987865,260.26624299986366
T60_0.089_001.wav,0.089,0.07785348168034863,12.52417788724873,0.2737336655281625,207.56591632377805,0.28984640030428166,225.67011270144008
T60_0.092.wav,0.092,0.09850683358548937,7.072645201618879,0.2524065859180757,174.35498469356054,0.3603206270333836,291.6528554710691
T60_0.098.wav,0.098,0.07703787361593667,21.38992488169728,0.21628416567235353,120.69812823709543,0.2524190939477766,157.57050402834346
T60_0.128.wav,0.128,0.1927306358663077,50.570809270552886,0.1734548587485747,35.511608397323975,0.19033225327511027,48.6970728711799
T60_0.141.wav,0.141,0.2063977083980449,46.38135347379072,0.18136404812432602,28.626984485337616,0.20561426873692748,45.82572250845922
T60_0.153.wav,0.153,0.15526450174548445,1.4800665003166367,0.19345021359127254,26.438048098870944,0.33131875106552133,116.54820331079827
T60_0.162.wav,0.162,0.15551451393891788,4.003386457458101,0.2092167045928719,29.146113946217216,0.3015469719858737,86.14010616411957
T60_0.168.wav,0.168,0.20637893855030864,22.844606279945616,0.18812590340084004,11.97970440526192,0.21644902666107768,28.838706345879565
T60_0.184.wav,0.184,0.18867299272716567,2.5396699604161284,0.19577281809118224,6.398270701729482,0.2121323720874393,15.289332656217008
T60_0.227.wav,0.227,0.011960638698870908,94.73099616789828,0.4621352933445996,103.58382966722448,0.4616794422255816,103.38301419629146
T60_0.245.wav,0.245,0.00891810419393961,96.35995747186138,0.5812964607573463,137.26386153361074,0.5228740417282961,113.41797621563106
T60_0.249.wav,0.249,0.011013290532648871,95.57699175395628,0.4303478667080105,72.83046855743393,0.47187047909350427,89.50621650341537
T60_0.255.wav,0.255,0.16407753275804113,35.65586950665054,0.27225045562275146,6.764884557941748,0.32164751316624274,26.136279673036366
T60_0.271.wav,0.271,0.4182542539409113,54.337363077827035,0.482809372491042,78.15844003359483,2.239871167053674,726.5207258500642
T60_0.272.wav,0.272,0.15807852075936252,41.88289677964614,0.6050126734017527,122.43112992711494,0.5707017422561469,109.81681700593636
T60_0.274.wav,0.274,0.45381051704360864,65.6242762932878,0.591409038134975,115.84271464780109,0.5880823712040701,114.62860262922266
T60_0.277.wav,0.277,0.413367324461521,49.230081033040065,0.453520631569306,63.72585977231262,2.1846543955435127,688.6838973081273
T60_0.279.wav,0.279,0.38343769204186345,37.432864531133845,0.5013385371743918,79.69123196214758,2.1341176253746204,664.9167116038066
T60_0.280.wav,0.28,0.1731120957235881,38.17425152728997,0.27788283153231824,0.7561315956006374,0.3265301837419809,16.617922764993164
T60_0.283.wav,0.283,0.38205163349241383,35.00057720579996,0.47910926372473267,69.29655962004689,2.144339435626545,657.7171150623835
T60_0.285_000.wav,0.285,0.19499148924671922,31.581933597642376,0.26098008471775996,8.428040449908778,0.31014022335947716,8.821131003325329
T60_0.285_001.wav,0.285,0.4230988919578001,48.4557515641404,0.49503536495788136,73.69661928346716,1.6252861500222275,470.27584211306237
T60_0.286_000.wav,0.286,0.4901244008152284,71.37216811721274,0.5511633319070434,92.71445171574945,1.9610210280089178,585.6716881150063
T60_0.286_001.wav,0.286,0.42326318269869856,47.99411982471979,0.5457482403527956,90.82106306041806,1.642814876594689,474.410796012129
T60_0.287.wav,0.287,0.40143585264404674,39.873119388169606,0.46251282613255085,61.154294819704134,2.138992621388538,645.2935963026265
T60_0.288.wav,0.288,0.45061320728828047,56.462919197319614,0.5136697748820944,78.35756072294946,1.5751466005947627,446.92590298429263
T60_0.293.wav,0.293,0.4423327522965166,50.9668096575142,0.5218126325032738,78.09304863592963,2.2211563198562536,658.0738293024757
T60_0.294_000.wav,0.294,0.40899318475203233,39.11332814694978,0.4724906065627886,60.711090667615174,2.0265595278276756,589.3059618461482
T60_0.294_001.wav,0.294,0.3890473291086086,32.32902350632947,0.4003281402301452,36.166034091886125,1.6866967528897812,473.7063785339392
T60_0.295.wav,0.295,0.42558664037227006,44.2666577533119,0.5540499965916891,87.81355816667428,2.0565250669077195,597.1271413246507
T60_0.296_000.wav,0.296,0.42319524484031745,42.97136650010726,0.4707840672490667,59.04867136792794,1.6619280024596004,461.4621629931082
T60_0.296_001.wav,0.296,0.3986612404849004,34.68285151516907,0.4606390399666968,55.62129728604622,1.6102864106778496,444.0156792830573
T60_0.297_000.wav,0.297,0.49758981143048625,67.53865704730177,0.5368102986088674,80.74420828581395,2.049602945271305,590.1020017748502
T60_0.297_001.wav,0.297,0.24456849572336298,17.653705143648825,0.2892856156413272,2.5974358110009352,0.3311905769277504,11.511978763552325
T60_0.301_000.wav,0.301,0.4503263820499866,49.61009370431449,0.5428029424046216,80.33320345668491,2.0697074062684457,587.6104339762278
T60_0.301_001.wav,0.301,0.39350780928225193,30.733491455897656,0.4521078591657332,50.20194656668878,1.7684587320134284,487.5278179446607
T60_0.301_002.wav,0.301,0.38402459057966226,27.58292045835956,0.4560635681556369,51.516135599879384,1.7229869352263543,472.42090871307454
T60_0.302.wav,0.302,0.491765666330717,62.836313354542064,0.5640021787025918,86.7556883121165,1.9825781629407326,556.4828354108387
T60_0.303_000.wav,0.303,0.4049343529230797,33.64170063467978,0.49395855651343407,63.022625912024445,1.5969059942578194,427.03168127320777
T60_0.303_001.wav,0.303,0.4293761520884715,41.70830101929754,0.5595545637505831,84.67147318501092,0.5719230464046564,88.75348066160278
T60_0.303_002.wav,0.303,0.22662246922502555,25.2071058663282,0.2998794978041934,1.0298687114873326,0.38639504820925347,27.523118220875737
T60_0.303_003.wav,0.303,0.3951741246606506,30.420503188333537,0.4747503263804651,56.6832760331568,1.6386950405585439,440.8234457288924
T60_0.304_000.wav,0.304,0.4807264187117093,58.133690365693845,0.5540171915817974,82.24249723085441,1.9705995860021857,548.2235480270347
T60_0.304_001.wav,0.304,0.4553306421665143,49.77981650214287,0.5210011415463522,71.38195445603692,2.1926120001719323,621.2539474249777
T60_0.308.wav,0.308,0.4194296878258693,36.178470073334196,0.5358753358133624,73.98549864070209,1.5672177045291296,408.8369170549122
T60_0.310.wav,0.31,0.22926152877288064,26.044668137780434,0.31331282887052586,1.0686544743631818,0.37527768218813035,21.05731683488076
T60_0.311.wav,0.311,0.4034802222517646,29.7364058687346,0.48201845424877415,54.989856671631564,1.5860627928169426,409.98803627554423
T60_0.312_000.wav,0.312,0.46966693947416954,50.53427547249024,0.5520899113998735,76.95189467944664,2.2360932477517577,616.696553766589
T60_0.312_001.wav,0.312,0.3864223626439586,23.853321360243132,0.45566229360560456,46.045606924873255,2.369204740119697,659.360493628108
T60_0.315.wav,0.315,0.35018689667506514,11.170443388909568,0.4750431377573467,50.807345319792596,1.6466208569382947,422.73677998041103
T60_0.318_000.wav,0.318,0.21338498741899717,32.89780269842856,0.2886302116588913,9.235782497203996,0.3558911459768294,11.915454709694782
T60_0.318_001.wav,0.318,0.2743398416201546,13.729609553410496,0.3030432807871463,4.703370821652102,0.35051737855675963,10.225590741119378
T60_0.318_002.wav,0.318,0.2573999676697255,19.056613940337893,0.2825370616527011,11.151867404810979,0.32756848781121917,3.0089584312009943
T60_0.318_003.wav,0.318,0.4302124101536238,35.286921431957175,0.465361870275547,46.340210778473896,1.6322275632271104,413.2791079330535
T60_0.320.wav,0.32,0.5120575143656141,60.017973239254395,0.5419966397745912,69.37394992955976,1.9945806580967338,523.3064556552292
T60_0.321.wav,0.321,0.4493691194203798,39.99037988173826,0.5356228403564705,66.86069793036462,1.5677303907492746,388.3895298284345
T60_0.325.wav,0.325,0.3984503216896891,22.60009898144279,0.4965656088444754,52.78941810599244,1.6506511011192087,407.8926464982181
T60_0.326.wav,0.326,0.45652716613829686,40.039008017882466,0.5574585216182283,70.99954650865897,1.63072679785976,400.22294412876073
T60_0.327.wav,0.327,0.40753064476595197,24.627108491116804,0.516159474114135,57.84693397985778,1.6833222806756822,414.777455864123
T60_0.334.wav,0.334,0.2528397697836055,24.299470124669014,0.31861931804524724,4.604994597231372,0.6160180155811312,84.43653161111713
T60_0.335.wav,0.335,0.422525684014983,26.127069855218803,0.5034288160884894,50.277258533877436,2.305799954516947,588.2984938856558
T60_0.338.wav,0.338,0.4856230222551001,43.67545037133139,0.5206754840034368,54.04600118444874,2.029270263859665,500.37581770996
T60_0.339.wav,0.339,0.013540994499243708,96.00560634240598,0.6287391216399668,85.46876744541792,0.658189339914878,94.15614746751564
T60_0.350.wav,0.35,0.46502261996907424,32.863605705449785,0.5681174068821636,62.319259109189616,1.5640913348892265,346.88323853977903
T60_0.353.wav,0.353,0.46625124330322215,32.082505185048774,0.6206884374585092,75.83241854348704,0.703715838957713,99.35292888320481
T60_0.362.wav,0.362,0.3475450878413392,3.9930696570886175,0.4018483245045641,11.007824448774613,0.424285785198407,17.206018010609668
T60_0.366_000.wav,0.366,0.012096043490138679,96.69507008466157,0.6486763897759865,77.23398627759195,0.6789663633710767,85.50993534728873
T60_0.366_001.wav,0.366,0.41746612703429603,14.061783342703835,0.42364993053170535,15.751347139810209,0.4600640553816981,25.700561579698935
T60_0.370.wav,0.37,0.3834390077505941,3.6321642569173216,0.4313201912744126,16.57302466876017,0.4797647518210566,29.66614914082611
T60_0.380.wav,0.38,0.07391301266468857,80.54920719350301,0.6490484503659499,70.80222378051315,0.6956331598946046,83.0613578670012
T60_0.385.wav,0.385,0.009170382142386871,97.618082560419,0.5358364307464497,39.17829370037654,0.8588247922448959,123.07137460906388
T60_0.426.wav,0.426,0.06848334013489461,83.9240985598839,0.8549936331903246,100.70273079585085,22.07036435538945,5080.836703143064
T60_0.428.wav,0.428,0.71529450377149,67.12488405875933,0.7883840275691412,84.20187560026663,0.7728360615138946,80.56917325090997
T60_0.429.wav,0.429,0.005274405846468172,98.77053476772303,0.8082694934443909,88.40780732969485,0.8645473737062662,101.52619433712499
T60_0.431.wav,0.431,0.7352243617865691,70.58569879038727,0.6968244676509288,61.67621059186283,0.6903152422154067,60.16594946993196
T60_0.454_000.wav,0.454,0.44030566502301316,3.0163733429486466,0.5658218573509519,24.63036505527575,2.445773694768106,438.716672856411
T60_0.454_001.wav,0.454,0.17848076377152203,60.68705643799074,0.9856200399971813,117.0969251095113,1.0058264838730921,121.54768367248727
T60_0.454_002.wav,0.454,0.4220265527309166,7.0426095306351115,0.4784399624458616,5.3832516400576225,2.1276997019314923,368.6563220113419
T60_0.454_003.wav,0.454,0.4247878359576171,6.434397366163637,0.9527826569830004,109.86402136189434,0.9860885647671831,117.20012439805797
T60_0.460.wav,0.46,0.5033420291830247,9.422180257179285,0.617380619955457,34.2131782511863,0.6864964848840193,49.23836627913462
T60_0.470.wav,0.47,0.008887186994402788,98.10910915012707,0.5052681189669631,7.503855099353859,0.7475991800700824,59.063655334060094
T60_0.473.wav,0.473,0.4270303592560991,9.718740114989611,0.4638733447799025,1.929525416511095,0.5195895382959144,9.849796679897334
T60_0.478.wav,0.478,0.38767054790521727,18.89737491522651,0.45808321737618984,4.166690925483292,0.47290873524209254,1.0651181501898417
T60_0.483_000.wav,0.483,0.602423328936573,24.725326901981994,0.6040365450635674,25.05932610011748,0.6110541357949472,26.51224343580687
T60_0.483_001.wav,0.483,0.4009823957455219,16.980870446061715,0.4476369776551447,7.321536717361342,0.47602293213028246,1.4445275092582865
T60_0.492.wav,0.492,0.4583498449462975,6.839462409289126,0.4732181848760306,3.8174420983677586,0.5107595334133809,3.812913295402618
T60_0.494_000.wav,0.494,0.658955989360139,33.391900680190076,0.8039045718009538,62.73371898804733,13.355035568930878,2603.4484957349955
T60_0.494_001.wav,0.494,0.3994528028584201,19.13910873311334,0.4479324264479656,9.325419747375383,0.7236401965426439,46.485869745474474
T60_0.496.wav,0.496,0.45374014477316177,8.520132102185126,0.45097666003935577,9.077286282387949,0.49748511201445467,0.29941774484973194
T60_0.505.wav,0.505,0.3990978691648496,20.970718977257512,0.4728107459294563,6.374109716939342,0.5176978961809615,2.514434887319111
T60_0.519.wav,0.519,0.46639013686924274,10.13677516970275,0.5510475384898781,6.174862907490957,0.7189295204777469,38.52206560264873
T60_0.524_000.wav,0.524,0.5220444122201571,0.3732037747791887,0.573749262814753,9.494134124952863,0.6069678134528094,15.833552185650637
T60_0.524_001.wav,0.524,0.5786341361810724,10.426361866616867,0.5911993674784319,12.824306770693115,1.4504600740405789,176.80535764133182
T60_0.534.wav,0.534,0.5528306689590237,3.5263425016898187,0.6444958352312645,20.692103975892227,0.8234725595415714,54.20834448344033
T60_0.539_000.wav,0.539,0.5710481260382422,5.945848986686853,0.6661035334037063,23.581360557273893,0.7341940824532524,36.214115482978166
T60_0.539_001.wav,0.539,0.5497401530006549,1.9926072357430231,0.5513972905990615,2.300053914482648,0.6290495254075672,16.706776513463296
T60_0.544.wav,0.544,0.48657799712257727,10.555515234820362,0.5447569383456287,0.13914307824055544,0.6162899387206345,13.288591676587222
T60_0.545.wav,0.545,0.44771937614823243,17.84965575261791,0.5405348676538049,0.8192903387514066,0.6225121435455397,14.222411659732053
T60_0.548.wav,0.548,0.5131868359123612,6.3527671692771515,0.654943303902352,19.51520144203503,3.2651466602335897,495.82968252437763
T60_0.550_000.wav,0.55,0.6063380851056737,10.243288201031566,0.669206939274514,21.67398895900254,0.7999543541470452,45.44624620855366
T60_0.550_001.wav,0.55,0.4594440279474486,16.46472219137299,0.5680826100843926,3.287747288071382,0.6430164634641334,16.91208426620607
T60_0.551_000.wav,0.551,0.5008505639427746,9.1015310448685,0.5770312994718498,4.7243737698456965,0.6360401117554768,15.433777088108306
T60_0.551_001.wav,0.551,0.5998203793211102,8.860322925791317,0.6827443343448266,23.910042530821517,0.7585164059429421,37.66177966296589
T60_0.559.wav,0.559,0.5355846252124645,4.188796920847142,0.5727327219277539,2.4566586632833407,1.493373179208016,167.1508370676236
T60_0.564.wav,0.564,0.5873945652288449,4.147972558305847,0.6334412353599468,12.312275773040222,0.7704023562716082,36.596162459505024
T60_0.567.wav,0.567,0.7257963244712423,28.00640643231788,0.7950261404194768,40.216250514898924,1.259439956610674,122.12344913768503
T60_0.569.wav,0.569,0.498359257289325,12.414893270768884,0.5553247804105582,2.40337778373317,0.5935044989400617,4.306590323385201
T60_0.574.wav,0.574,0.6352706327308867,10.674326259736365,0.7169942050977218,24.911882421205902,0.8851501512330728,54.20734342039598
T60_0.575_000.wav,0.575,0.5756895748416841,0.11992605942333791,0.7318230278774649,27.27357006564608,3.710395726822859,545.2862133604972
T60_0.575_001.wav,0.575,0.5728913354463042,0.3667242702079545,0.576324801020166,0.23040017742018745,0.6009040410491246,4.505050617239077
T60_0.591.wav,0.591,0.6621563728672626,12.039995409012288,0.7052492212341976,19.33150951509267,0.8662058199177057,46.566128581676104
T60_0.593.wav,0.593,0.4861446524706096,18.019451522662795,0.5581307831118522,5.880137755168266,1.6952920641618447,185.88399058378496
T60_0.594_000.wav,0.594,0.5176300604469379,12.856892180650176,0.5837391761960556,1.727411414805443,0.6509223542238628,9.582887916475222
T60_0.594_001.wav,0.594,0.6675147865855672,12.376226697906938,0.7282305906929604,22.597742540902424,0.9513829041873656,60.1654720854151
T60_0.595_000.wav,0.595,0.49769309568588643,16.354101565397233,0.5606996015638794,5.764772846406814,0.6230259178039402,4.710238286376514
T60_0.595_001.wav,0.595,0.6058375716892332,1.8214406200392057,0.6001307368674798,0.8623087172234924,0.667251564975117,12.143120163885207
T60_0.599.wav,0.599,0.5770360437479405,3.6667706597762093,0.7880368758996948,31.558743889765424,0.8764345422063332,46.31628417468001
T60_0.600_000.wav,0.6,0.5604124135823032,6.59793106961613,0.5853677090631363,2.4387151561439486,0.6656321633769815,10.938693896163587
T60_0.600_001.wav,0.6,0.623068362828989,3.8447271381648425,0.7443397937040092,24.05663228400153,0.9340805139792172,55.680085663202874
T60_0.601.wav,0.601,0.5650539972441185,5.981032072526031,0.5818729012948195,3.1825455416273676,0.612860526390163,1.9734652895445917
T60_0.603.wav,0.603,0.008521264818175152,98.58685492235901,0.7789488119276152,29.178907450682463,16.219310417653695,2589.7695551664506
T60_0.604.wav,0.604,0.7456197187744882,23.446973307034472,0.7824012919669646,29.536637742874937,3.3358348907004314,452.29054481795225
T60_0.607_000.wav,0.607,0.5224752779781099,13.924995390756195,0.5702078359007937,6.061312042702846,0.6209834632127167,2.3037006940225218
T60_0.607_001.wav,0.607,0.6937386318062377,14.289725174009515,0.7150456196696394,17.79993734260946,0.7335585705105537,20.849846871590405
T60_0.609.wav,0.609,0.6723133539056279,10.396281429495545,0.7627394265791743,25.244569224823366,0.9134084988676027,49.9849751835144
T60_0.610.wav,0.61,0.6113011185624166,0.21329812498633752,0.6469261082959493,6.053460376385137,0.783865131887223,28.502480637249665
T60_0.611_000.wav,0.611,0.5000733105025814,18.154940997940848,0.8022580512657317,31.30246338228015,15.73387225805369,2475.1018425619786
T60_0.611_001.wav,0.611,0.5848894401326058,4.273414053583338,0.5735189536960653,6.134377463819096,0.6490068033961922,6.220426087756501
T60_0.617.wav,0.617,0.6103353152059928,1.0801758175052139,0.7054135860779702,14.329592557207494,1.912816898768825,210.01894631585495
T60_0.619.wav,0.619,0.7064383767608801,14.125747457331189,0.7888245464490532,27.435306373029594,0.8901202282462972,43.79971377161506
T60_0.622.wav,0.622,0.6582169442049586,5.822659840025495,0.8171097613715457,31.36812883786908,11.896491752952874,1812.6192528863144
T60_0.625.wav,0.625,0.6466259480209047,3.4601516833447477,0.716287368192995,14.605978910879196,0.8668095376980992,38.68952603169588
T60_0.637.wav,0.637,0.6379318950794103,0.146294360974925,0.7006261357591749,9.98840435779825,0.7336899033030232,15.17894871319045
T60_0.638.wav,0.638,0.6111037421742829,4.2157143927456335,0.743527303419817,16.540329689626486,0.9708239827026428,52.16676844869009
T60_0.650.wav,0.65,0.6544352284602981,0.6823428400458601,0.7806397673043923,20.098425739137276,6.51013899764301,901.5598457912322
T60_0.662.wav,0.662,0.6162035448553095,6.917893526388301,0.7776235021448272,17.465785822481447,6.144071786007421,828.1075205449276
T60_0.668.wav,0.668,0.6679118786068348,0.013191825324142915,0.759034394671843,13.627903393988463,1.0387993897275858,55.5088906777823
T60_0.676_000.wav,0.676,0.6704005442502086,0.8283218564780299,0.7881566023929321,16.591213371735503,0.8813311614700524,30.374432170126088
T60_0.676_001.wav,0.676,0.733393691251946,8.490191013601468,0.7900890425550811,16.877077301047485,1.6455812552465678,143.42917977020232
T60_0.678.wav,0.678,0.7120683074051758,5.024824101058369,0.8194201743090521,20.858432788945734,1.0075228902089572,48.602196196011384
T60_0.682.wav,0.682,0.6503782135445809,4.6366255799734795,0.8778002821634295,28.70971879229171,14.471178208791347,2021.87363765269
T60_0.688.wav,0.688,0.5842204179084254,15.084241583077699,0.7613712584106893,10.664427094576943,6.259323384175974,809.785375606973
T60_0.697.wav,0.697,0.812618190251407,16.58797564582598,0.8362800007678926,19.982783467416443,0.8820817139449385,26.55404791175589
T60_0.698.wav,0.698,0.6225462158316607,10.809997731853763,0.6933340671631805,0.6684717531260009,1.0380757904116056,48.72145994435611
T60_0.706.wav,0.706,0.6952975350577046,1.515929878512085,0.8173662257432946,15.774252938143723,1.1320375320834326,60.345259501902646
T60_0.709.wav,0.709,0.6452889627700964,8.986041922412351,0.7854376757767537,10.78105441138981,3.9956476469414355,463.56102213560445
T60_0.710.wav,0.71,0.6292259542723891,11.376626158818425,0.758216311307939,6.7910297616815525,2.3346803064799166,228.82821218026996
T60_0.711_000.wav,0.711,0.60087832998353,15.488279889798875,0.7455510834719263,4.859505410960108,0.8461627238619319,19.010228391270317
T60_0.711_001.wav,0.711,0.6603820196068322,7.11926587808267,0.8082709575099898,13.680866035160314,0.9603339332984544,35.06806375505688
T60_0.720.wav,0.72,0.7654146840500607,6.3075950069528846,0.8278634400671757,14.981033342663297,4.9918791211970035,593.316544610695
T60_0.721.wav,0.721,0.7192172115359621,0.24726608377779458,0.80230150781687,11.276214676403615,1.0874432741590188,50.824309869489426
T60_0.722.wav,0.722,0.7163483927393582,0.7827710887315421,0.7921187152474112,9.711733413768865,0.9757861457568068,35.150435700388755
T60_0.736.wav,0.736,0.6195723378860987,15.818975830693113,0.784478864371172,6.586802224344021,0.9284355015430401,26.146127927043494
T60_0.738.wav,0.738,0.626657270360785,15.087090737021,1.0193610270656355,38.124800415397765,6.588911813322325,792.8064787699627
T60_0.741.wav,0.741,0.7319804917326671,1.2172075934322386,1.3673873372607297,84.53270408376919,7.0963744436980445,857.6753635220033
T60_0.750.wav,0.75,0.6909404502824846,7.8746066290020496,0.8239993717099814,9.866582894664184,1.05882639873376,41.176853164501345
T60_0.769.wav,0.769,0.6563274686935983,14.651824617217393,0.7760524186776047,0.9170895549550901,0.9317732911191714,21.16687790886494
T60_0.773.wav,0.773,0.9084481211127564,17.522396004237567,0.869845382813258,12.52851006639818,0.9626033000651542,24.528240629386044
T60_0.782.wav,0.782,0.6414189154380691,17.97712078797071,0.7982811004258212,2.08198215163954,0.8995439796049584,15.03119943797421
T60_0.787.wav,0.787,0.6795897722481974,13.64805943479068,0.7742918897576224,1.6147535250797473,0.8819712528031968,12.067503532807718
T60_0.792.wav,0.792,0.6875524941715193,13.187816392484939,0.8225108086349397,3.852374827643903,0.9172934706138292,15.819882653261253
T60_0.804.wav,0.804,0.7120454140824775,11.43713755193067,0.8366159384900629,4.0567087674207505,0.9106227903120321,13.261541083586073
T60_0.809.wav,0.809,0.7899970921257844,2.348937932535928,0.8434961961426861,4.264053911333258,0.8794540902665838,8.708787424794039
T60_0.820.wav,0.82,0.6268724543728917,23.552139710622953,0.7884843588513066,3.8433708717918686,0.8986208474376584,9.587908224104684
T60_0.826.wav,0.826,1.007543450017568,21.97862591011719,1.0257555755148076,24.183483718499712,1.061607590325262,28.523921346884023
T60_0.831.wav,0.831,0.976090211302447,17.45971255143767,1.032637403196018,24.264428784117687,1.103393541620404,32.77900621184163
T60_0.836.wav,0.836,0.7602166721675229,9.064991367521184,0.7583440052347581,9.288994589143766,0.7772959014177151,7.0220213615173295
T60_0.839.wav,0.839,0.7547461326037608,10.042177282030893,0.7985780084132144,4.817877423931539,0.8501073176127997,1.3238757583789875
T60_0.840.wav,0.84,0.773134108173825,7.960225217401782,0.8262507064456949,1.6368206612267975,0.8543387438648317,1.7069933172418683
T60_0.841.wav,0.841,0.754665433181926,10.265703545549815,0.8345788324767752,0.763515757815071,0.870093016749953,3.4593361177114166
T60_0.851.wav,0.851,0.7277126650231537,14.487348410910258,0.8230697361365232,3.282052157870358,0.9388002735977334,10.317305945679607
T60_0.860_000.wav,0.86,0.809423843596433,5.880948419019412,0.865550858754341,0.6454486923652356,0.8864447162346256,3.0749670040262362
T60_0.860_001.wav,0.86,0.6821078233456844,20.68513682026925,0.8126309024461907,5.508034599280145,1.0763739945511703,25.159766808275624
T60_0.868.wav,0.868,0.7983024291443709,8.029674061708421,0.8590807597233855,1.0275622438495973,0.8852762932358461,1.9903563635767416
T60_0.871.wav,0.871,0.5986577207023432,31.267770298238435,0.7928950333063058,8.967275165751339,0.9668992174082246,11.01024310082946
T60_0.874.wav,0.874,0.7548607432955571,13.631493902110172,0.8170338884971902,6.517861728010279,0.8557178962952953,2.091773879256835
T60_0.887.wav,0.887,0.7654594116676553,13.702433859339877,0.8139561132360874,8.234936501004803,0.8458331276037864,4.641135557634007
T60_0.893.wav,0.893,0.8166457264781729,8.550310584751077,0.8490535007581649,4.921220519802367,0.8801608070656579,1.437759567115577
T60_0.902.wav,0.902,0.7023687585473595,22.13206667989363,0.8500398844670739,5.760544959304448,0.9251684489737175,2.568564187773559
T60_0.913.wav,0.913,0.6687552827003871,26.75188579404304,0.8262155149725225,9.505420046821191,0.9418560011166677,3.160569673238515
T60_0.949.wav,0.949,0.7524472072355964,20.71156931131755,0.8542487763557469,9.984322828688413,1.010944685941161,6.527364166613392
T60_0.967.wav,0.967,0.6432451317014493,33.48033798330411,0.8224558056734312,14.947693311951266,1.1864526349973656,22.69417114760762
T60_0.969_000.wav,0.969,0.7223422091394782,25.454880377762823,0.8256059807516601,14.798144401273461,0.9027459371640766,6.837364585750608
T60_0.969_001.wav,0.969,0.7405781879100697,23.572942424141413,0.8188387561953087,15.496516388513035,0.909780155049792,6.1114391073486
T60_0.979.wav,0.979,0.7139248664949,27.076111696128706,0.828805945071259,15.341578644406633,0.9563914182051977,2.3093546266396627
T60_0.986.wav,0.986,0.7615017780861639,22.76858234420244,0.8753177036020731,11.225385030215714,0.9512164549323456,3.5277429074700155
T60_0.991.wav,0.991,0.8037253247431219,18.897545434599206,0.8857995284864765,10.615587438297025,1.0131367015208619,2.2337741191586167
T60_1.022.wav,1.022,0.699268952131312,31.578380417679842,0.8379737779291366,18.006479654683304,0.9298141217373155,9.020144644098291
T60_1.102.wav,1.102,0.7495500859679122,31.9827508196087,0.8517496270402349,22.708745277655638,0.9816791316249979,10.918409108439402
T60_1.116.wav,1.116,0.7079628524105646,36.56246842199243,0.810664334118319,27.359826691906914,0.9282996877366466,16.819024396357836
T60_1.133.wav,1.133,0.7566608957935526,33.21616100674735,0.8528867787814186,24.723143973396418,0.9491318074389298,16.228437119247154
T60_1.138.wav,1.138,0.7648686045858591,32.78834757593504,0.8273501504026752,27.297877820503047,0.9397949851185187,17.41696088589466
T60_1.610.wav,1.61,0.9296318083147962,42.25889389349092,2.572897514087883,59.80729901166975,4.913682623346287,205.19767846871346
T60_1.677.wav,1.677,1.321344402071555,21.20784722292457,1.6407265871748864,2.1629942054331335,1.8023762329119712,7.476221402025712
T60_1.965.wav,1.965,1.158831963083045,41.02636320188066,3.2737959065438424,66.60538964599706,5.66421204157545,188.25506572903052
T60_2.411.wav,2.411,0.8600263485379628,64.32906061642626,3.239548752653409,34.36535680851966,5.338167458464596,121.40885352403967
T60_2.623.wav,2.623,1.5106055921377974,42.409241626465985,3.526237923649174,34.43530017724643,5.139701593869403,95.9474492515975
T60_2.969.wav,2.969,1.494231259338281,49.672237812789454,3.637089554709415,22.502174291324184,5.611996805546163,89.01976441718298
T60_3.017.wav,3.017,2.3653498398128274,21.599276108292095,3.9035854244035395,29.38632497194364,5.357185960191581,77.56665429869344
T60_3.062.wav,3.062,2.1360821174939804,30.238990284324608,3.9938323536535143,30.432147408671277,5.29176298754866,72.82047640590008
T60_3.402.wav,3.402,2.2541498196500864,33.74045209729317,3.7539416545468365,10.345139757402597,5.779992172852979,69.89982871407932
T60_3.407.wav,3.407,3.1320631422307375,8.069763949787571,4.681449655264536,37.40679939138643,6.623204733202127,94.39990411511965
T60_3.433.wav,3.433,2.769580547022626,19.32477288020315,4.260463855275748,24.103229107944884,5.605206866769392,63.27430430438079
T60_3.557.wav,3.557,3.299701077599581,7.233593545134067,4.628262236930647,30.117015376177875,6.177401269691781,73.66885773662582
